Ablative Barrier	/pathfinderRPG/prd/ultimateCombat/spells/ablativeBarrier.html#ablative-barrier	conjuration (creation) [force]	alchemist 2, magus 2, sorcerer/wizard 3, summoner 2	1 standard action	V, S, M (a piece of metal cut from a shield)	touch	creature touched	1 hour/level or until discharged	Will negates (harmless)	no
Animal Aspect	/pathfinderRPG/prd/ultimateCombat/spells/animalAspect.html#animal-aspect	transmutation (polymorph)	alchemist 2, magus 2, druid 2, ranger 2, sorcerer/wizard 2	1 standard action	V, S, M/DF (a part of the animal)	personal	you	1 minute/level (D)	none	yes (harmless)
Animate Dead	/pathfinderRPG/prd/coreRulebook/spells/animateDead.html#animate-dead	necromancy [evil]	cleric 3, sorcerer/wizard 4	1 standard action	V, S, M (an onyx gem worth at least 25 gp per Hit Die of the undead)	touch	one or more corpses touched	instantaneous	none	no
Animate Objects	/pathfinderRPG/prd/coreRulebook/spells/animateObjects.html#animate-objects	transmutation	bard 6, cleric 6	1 standard action	V, S	medium (100 ft. + 10 ft./level)	one Small object per caster level; see text	1 round/level	none	no
Animate Plants	/pathfinderRPG/prd/coreRulebook/spells/animatePlants.html#animate-plants	transmutation	druid 7	1 standard action	V	close (25 ft. + 5 ft./2 levels)	one Large plant per three caster levels or all plants within range; see text	1 round/level or 1 hour/level; see text	none	no
Anticipate Peril	/pathfinderRPG/prd/ultimateMagic/spells/anticipatePeril.html#anticipate-peril	divination	alchemist 1, bard 1, ranger 1, sorcerer/wizard 1	1 standard action	V, S	touch	creature touched	1 minute/level or until activated	Will negates	yes
Antimagic Field	/pathfinderRPG/prd/coreRulebook/spells/antimagicField.html#antimagic-field	abjuration	cleric 8, sorcerer/wizard 6	1 standard action	V, S, M/DF (pinch of powdered iron or iron filings)	10 ft.	10-ft.-radius emanation, centered on you	10 min./level (D)	none	see text
Arboreal Hammer	/pathfinderRPG/prd/ultimateMagic/spells/arborealHammer.html#arboreal-hammer	transmutation	druid 4	1 standard action	V, S, DF	medium (100 ft. + 10 ft./level)	one Huge or larger tree	1 round/level (D)	none	no
Arcane Cannon	/pathfinderRPG/prd/ultimateCombat/spells/arcaneCannon.html#arcane-cannon	transmutation	sorcerer/wizard 7	1 round	V, S, F (an ornate miniature cannon forged with a drop of your blood that costs 5,000 gp)	close (25 ft. + 5 ft./2 levels)	one magically animated cannon	1 round/level	none	no
Baleful Polymorph	/pathfinderRPG/prd/coreRulebook/spells/balefulPolymorph.html#baleful-polymorph	transmutation (polymorph)	druid 5, sorcerer/wizard 5	1 standard action	V, S	close (25 ft. + 5 ft./2 levels)	one creature	permanent	Fortitude negates, Will partial, see text	yes
Bane	/pathfinderRPG/prd/coreRulebook/spells/bane.html#bane	enchantment (compulsion) [fear, mind-affecting]	cleric 1	1 standard action	V, S, DF	50 ft.	50-ft.-radius burst, centered on you	1 min./level	Will negates	yes
Barkskin	/pathfinderRPG/prd/coreRulebook/spells/barkskin.html#barkskin	transmutation	druid 2, ranger 2	1 standard action	V, S, DF	touch	living creature touched	10 min./level	none	yes (harmless)
Battlemind Link	/pathfinderRPG/prd/ultimateMagic/spells/battlemindLink.html#battlemind-link	(<class 'IndexError'>, IndexError('list index out of range',), <traceback object at 0x00000000043E0BC8>)	['Battlemind Link', 'School divination [mind-affecting]; Level inquisitor 4, sorcerer/wizard 6', 'Casting Time 1 standard action', 'Range personal and close (25 ft. + 5 ft./2 levels)', 'Target you and 1 ally', 'Duration 1 minute/level', 'Saving Throw Will negates (harmless); Spell Resistance yes (harmless)']	 	 	 	 	 	 	 
Battle Trance	/pathfinderRPG/prd/advancedRaceGuide/coreRaces/halfOrcs.html#battle-trance	"(<class 'AttributeError'>, AttributeError(""'NoneType' object has no attribute 'groups'"",), <traceback object at 0x0000000004307748>)"	['Cloak of Human Guise', 'Aura faint illusion; CL 1st', 'Slot shoulders; Price 900 gp; Weight 1 lb.', 'Requirements Craft Wondrous Item, disguise self; Cost 450 gp']	 	 	 	 	 	 	 
Beast Shape (all)	/pathfinderRPG/prd/coreRulebook/spells/beastShape.html	(<class 'IndexError'>, IndexError('list index out of range',), <traceback object at 0x0000000004346448>)	['Beast Shape I', 'School transmutation (polymorph); Level sorcerer/wizard 3', 'Casting Time 1 standard action', 'Components V, S, M (a piece of the creature whose form you plan to assume)', 'Range personal', 'Target you', 'Duration 1 min./level (D)']	 	 	 	 	 	 	 
Black Mark	/pathfinderRPG/prd/advancedRaceGuide/coreRaces/humans.html#black-mark	"(<class 'AttributeError'>, AttributeError(""'NoneType' object has no attribute 'groups'"",), <traceback object at 0x0000000004506848>)"	['Belt of Foraging', 'Aura faint divination; CL 3rd', 'Slot belt; Price 6,000 gp; Weight 1 lb. ', 'Requirements Craft Wondrous Item, detect animals and plants, creator must have at least 1 rank in Survival; Cost 3,000 gp']	 	 	 	 	 	 	 
Black Tentacles	/pathfinderRPG/prd/coreRulebook/spells/blackTentacles.html#black-tentacles	conjuration (creation)	sorcerer/wizard 4	1 standard action	V, S, M (octopus or squid tentacle)	medium (100 ft. + 10 ft./level)	20-ft.-radius spread	1 round/level (D)	none	no
Blade Barrier	/pathfinderRPG/prd/coreRulebook/spells/bladeBarrier.html#blade-barrier	evocation [force]	cleric 6	1 standard action	V, S	medium (100 ft. + 10 ft./level)	wall of whirling blades up to 20 ft. long/level, or a ringed wall of whirling blades with a radius of up to 5 ft. per two levels; either form is 20 ft. high	1 min./level (D)	Reflex half or Reflex negates; see text	yes
Blasphemy	/pathfinderRPG/prd/coreRulebook/spells/blasphemy.html#blasphemy	evocation [evil, sonic]	cleric 7	1 standard action	V	40 ft.	nonevil creatures in a 40-ft.-radius spread centered on you	instantaneous	Will partial	yes
Bless	/pathfinderRPG/prd/coreRulebook/spells/bless.html#bless	enchantment (compulsion) [mind-affecting]	cleric 1, paladin 1	1 standard action	V, S, DF	50 ft.	The caster and all allies within a 50-ft. burst, centered on the caster	1 min./level	none	yes (harmless)
Blessing of Fervor	/pathfinderRPG/prd/advancedPlayersGuide/spells/blessingOfFervor.html#blessing-of-fervor	transmutation	cleric 4	1 standard action	V, S, DF	close (25 ft. + 5 ft./2 levels)	one creature/level, no two of which can be more than 30 ft. apart	1 round/level	Fortitude negates (harmless)	yes (harmless)
Blinding Ray	/pathfinderRPG/prd/advancedRaceGuide/featuredRaces/dhampirs.html#blinding-ray	"(<class 'AttributeError'>, AttributeError(""'NoneType' object has no attribute 'groups'"",), <traceback object at 0x0000000003800988>)"	['Amulet of Channeled Life ', 'Aura moderate transmutation; CL 10th', 'Slot neck; Price 12,000 gp; Weight 1/2 lb.', 'Requirements Craft Wondrous Item, life channel; Cost 6,000 gp']	 	 	 	 	 	 	 
Blindness/Deafness	/pathfinderRPG/prd/coreRulebook/spells/blindnessDeafness.html#blindness-deafness	necromancy	bard 2, cleric 3, sorcerer/wizard 2	1 standard action	V	medium (100 ft. + 10 ft./level)	one living creature	permanent (D)	Fortitude negates	yes
Blink	/pathfinderRPG/prd/coreRulebook/spells/blink.html#blink	(<class 'IndexError'>, IndexError('list index out of range',), <traceback object at 0x00000000038B7EC8>)	['Blink', 'School transmutation; Level bard 3, sorcerer/wizard 3', 'Casting Time 1 standard action', 'Components V, S', 'Range personal', 'Target you', 'Duration 1 round/level (D)']	 	 	 	 	 	 	 
Blistering Invective	/pathfinderRPG/prd/ultimateCombat/spells/blisteringInvective.html#blistering-invective	(<class 'IndexError'>, IndexError('list index out of range',), <traceback object at 0x000000000474DC48>)	['Blistering Invective', 'School evocation [fire, language-dependent]; Level alchemist 2, bard 2, inquisitor 2', 'Components V, S', 'Casting Time 1 standard action', 'Range personal', 'Area 30-ft. radius', 'Duration instantaneous', 'Saving Throw Reflex partial, see text; Spell Resistance special, see below']	 	 	 	 	 	 	 
Blood Crow Strike	/pathfinderRPG/prd/ultimateMagic/spells/bloodCrowStrike.html#blood-crow-strike	(<class 'IndexError'>, IndexError('list index out of range',), <traceback object at 0x000000000391C248>)	['Blood Crow Strike', 'School evocation [fire]; Level cleric 4', 'Components V, S', 'Casting Time 1 round', 'Range medium (100 ft. + 10 ft./level)', 'Target one creature', 'Duration instantaneous', 'Saving Throw none; Spell Resistance yes']	 	 	 	 	 	 	 
Boiling Blood	/pathfinderRPG/prd/ultimateMagic/spells/boilingBlood.html#boiling-blood	transmutation	bard 2, cleric 2, sorcerer/wizard 2, witch 2	1 standard action	V, S	medium (100 ft. + 10 ft./level)	one creature per three levels, no two of which may be more than 30 ft. apart	concentration + 1 round/level (D)	Fortitude negates (see text)	yes
Break	/pathfinderRPG/prd/advancedPlayersGuide/spells/break.html#break-	transmutation	sorcerer/wizard 1	1 standard action 	V, S, M (a twig)	close (25 ft. + 5 ft./2 levels)	one Medium or smaller object	instantaneous	Fortitude negates (object)	yes (object)
Break Enchantment	/pathfinderRPG/prd/coreRulebook/spells/breakEnchantment.html#break-enchantment	abjuration	bard 4, cleric 5, paladin 4, sorcerer/wizard 5	1 minute	V, S	close (25 ft. + 5 ft./2 levels)	up to one creature per level, all within 30 ft. of each other	instantaneous	see text	no
Breath of Life	/pathfinderRPG/prd/coreRulebook/spells/breathOfLife.html#breath-of-life	conjuration (healing)	cleric 5	1 standard action	V, S	touch	creature touched	instantaneous	Will negates (harmless) or Will half, see text	yes (harmless) or yes, see text
Burning Gaze	/pathfinderRPG/prd/advancedPlayersGuide/spells/burningGaze.html#burning-gaze	evocation [fire]	druid 2, sorcerer/wizard 2, witch 2	1 standard action	V, S, M/DF (eye of a mundane salamander)	personal	you	1 round/level	Fortitude negates (see text)	yes
Burning Hands	/pathfinderRPG/prd/coreRulebook/spells/burningHands.html#burning-hands	evocation [fire]	sorcerer/wizard 1	1 standard action	V, S	15 ft.	cone-shaped burst	instantaneous	Reflex half	yes
Burrow	/pathfinderRPG/prd/ultimateMagic/spells/burrow.html#burrow	transmutation	alchemist 3, druid 3, ranger 3, sorcerer/wizard 3	1 standard action	V, S	touch	creature touched	1 minute/level	Will negates (harmless)	yes (harmless)
Call Animal	/pathfinderRPG/prd/advancedPlayersGuide/spells/callAnimal.html#call-animal	(<class 'IndexError'>, IndexError('list index out of range',), <traceback object at 0x00000000039C2408>)	['Call Animal', 'School enchantment (compulsion) [mind-affecting]; Level druid 1, ranger 1', 'Casting Time 1 standard action', 'Component V, S, DF', 'Range see description', 'Effect one animal whose CR is equal or less than your caster level', 'Duration 1 hour/level (D)', 'Saving Throw none; Spell Resistance none']	 	 	 	 	 	 	 
Call Lightning	/pathfinderRPG/prd/coreRulebook/spells/callLightning.html#call-lightning	evocation [electricity]	druid 3	1 round	V, S	medium (100 ft. + 10 ft./level)	one or more 30-ft.-long vertical lines of lightning	1 min./level	Reflex half	yes
Cape of Wasps	/pathfinderRPG/prd/ultimateMagic/spells/capeOfWasps.html#cape-of-wasps	(<class 'IndexError'>, IndexError('list index out of range',), <traceback object at 0x00000000043F3D88>)	['Cape of Wasps', 'School conjuration (summoning); Level druid 4, witch 4', 'Casting Time 1 standard action', 'Components V, S', 'Range personal', 'Target you', 'Duration 1 round/level (D)']	 	 	 	 	 	 	 
Chain Lightning	/pathfinderRPG/prd/coreRulebook/spells/chainLightning.html#chain-lightning	evocation [electricity]	sorcerer/wizard 6	1 standard action	V, S, F (a bit of fur; a piece of amber, glass, or a crystal rod; plus one silver pin per caster level)	long (400 ft. + 40 ft./level)	one primary target, plus one secondary target/level (each of which must be within 30 ft. of the primary target)	instantaneous	Reflex half	yes
Changestaff	/pathfinderRPG/prd/coreRulebook/spells/changestaff.html#changestaff	transmutation	druid 7	1 round	V, S, F (a quarterstaff that has been carved and polished for 28 days)	touch	your touched staff	1 hour/level (D)	none	no
Chaos Hammer	/pathfinderRPG/prd/coreRulebook/spells/chaosHammer.html#chaos-hammer	evocation [chaotic]	cleric 4	1 standard action	V, S	medium (100 ft. + 10 ft./level)	20-ft.-radius burst	instantaneous (1d6 rounds); see text	Will partial; see text	yes
Chill Metal	/pathfinderRPG/prd/coreRulebook/spells/chillMetal.html#chill-metal	transmutation [cold]	druid 2	1 standard action	V, S, DF	close (25 ft. + 5 ft./2 levels)	metal equipment of one creature per two levels, no two of which can be more than 30 ft. apart; or 25 lbs. of metal/level, none of which can be more than 30 ft. away from any of the rest	7 rounds	Will negates (object)	yes (object)
Chord of Shards	/pathfinderRPG/prd/ultimateMagic/spells/chordOfShards.html#chord-of-shards	evocation	bard 1	1 standard action	V, S	15 ft.	cone-shaped burst	instantaneous	Reflex negates	no
Circle of Death	/pathfinderRPG/prd/coreRulebook/spells/circleOfDeath.html#circle-of-death	necromancy [death]	sorcerer/wizard 6	1 standard action	V, S, M (a crushed black pearl worth 500 gp)	medium (100 ft. + 10 ft./level)	several living creatures within a 40-ft.-radius burst	instantaneous	Fortitude negates	yes
Cloudkill	/pathfinderRPG/prd/coreRulebook/spells/cloudkill.html#cloudkill	conjuration (creation)	sorcerer/wizard 5	1 standard action	V, S	medium (100 ft. + 10 ft./level)	cloud spreads in 20-ft. radius, 20 ft. high	1 min./level	Fortitude partial; see text	no
Color Spray	/pathfinderRPG/prd/coreRulebook/spells/colorSpray.html#color-spray	illusion (pattern) [mind-affecting]	sorcerer/wizard 1	1 standard action	V, S, M (red, yellow, and blue powder or colored sand)	15 ft.	cone-shaped burst	instantaneous; see text	Will negates	yes
Command	/pathfinderRPG/prd/coreRulebook/spells/command.html#command	enchantment (compulsion) [language-dependent, mind-affecting]	cleric 1	1 standard action	V	close (25 ft. + 5 ft./2 levels)	one living creature	1 round	Will negates	yes
Companion Mind Link	/pathfinderRPG/prd/ultimateCombat/spells/companionMindLink.html#companion-mind-link	(<class 'IndexError'>, IndexError('list index out of range',), <traceback object at 0x000000000460C308>)	['Companion Mind Link', 'School enchantment (charm) [mind-affecting]; Level druid 3, ranger 3', 'Casting Time 1 standard action', 'Components V, S', 'Range close (25 ft. + 5 ft./2 levels)', 'Target your animal companion', 'Duration 1 minute/level']	 	 	 	 	 	 	 
Cone of Cold	/pathfinderRPG/prd/coreRulebook/spells/coneOfCold.html#cone-of-cold	evocation [cold]	sorcerer/wizard 5	1 standard action	V, S, M (a small crystal or glass cone)	60 ft.	cone-shaped burst	instantaneous	Reflex half	yes
Confusion	/pathfinderRPG/prd/coreRulebook/spells/confusion.html#confusion	enchantment (compulsion) [mind-affecting]	bard 3, sorcerer/wizard 4	1 standard action	V, S, M/DF (three nutshells)	medium (100 ft. + 10 ft./level)	all creatures in a 15-ft.-radius burst	1 round/level	Will negates	yes
Conjure Black Pudding	/pathfinderRPG/prd/ultimateMagic/spells/conjureBlackPudding.html#conjure-black-pudding	conjuration (summoning) [acid]	sorcerer/wizard 6, summoner 5	1 round	V, S, M (a flask of acid worth 10 gp)	close (25 ft. + 5 ft./2 level)	one summoned black pudding	1 round/level (D)	none	no
Consecrate	/pathfinderRPG/prd/coreRulebook/spells/consecrate.html#consecrate	evocation [good]	cleric 2	1 standard action	V, S, M (a vial of holy water and 25 gp worth of silver dust), DF	close (25 ft. + 5 ft./2 levels)	20-ft.-radius emanation	2 hours/level	none	no
Contagion	/pathfinderRPG/prd/coreRulebook/spells/contagion.html#contagion	necromancy [evil]	cleric 3, druid 3, sorcerer/wizard 4	1 standard action	V, S	touch	living creature touched	instantaneous	Fortitude negates	yes
Contingency	/pathfinderRPG/prd/coreRulebook/spells/contingency.html#contingency	(<class 'IndexError'>, IndexError('list index out of range',), <traceback object at 0x0000000003780608>)	['Contingency', 'School evocation; Level sorcerer/wizard 6', 'Casting Time at least 10 minutes; see text', 'Components V, S, M (quicksilver and an eyelash of a spell-using creature), F (ivory statuette of you worth 1,500 gp)', 'Range personal', 'Target you', 'Duration 1 day/level (D) or until discharged']	 	 	 	 	 	 	 
Control Weather	/pathfinderRPG/prd/coreRulebook/spells/controlWeather.html#control-weather	transmutation	cleric 7, druid 7, sorcerer/wizard 7	10 minutes; see text	V, S	2 miles	2-mile-radius circle, centered on you; see text	4d12 hours; see text	none	no
Cup of Dust	/pathfinderRPG/prd/advancedPlayersGuide/spells/cupOfDust.html#cup-of-dust	(<class 'IndexError'>, IndexError('list index out of range',), <traceback object at 0x000000000393EB48>)	['Cup of Dust', 'School transmutation; Level druid 3, witch 3', 'Casting Time 1 standard action', 'Component V, S, M (a pinch of dust)', 'Range close (25 ft. + 5 ft./2 levels)', 'Target one creature', 'Duration 1 day/level (D)', 'Saving Throw Fortitude negates; Spell Resistance yes']	 	 	 	 	 	 	 
Cure Critical Wounds	/pathfinderRPG/prd/coreRulebook/spells/cureCriticalWounds.html#cure-critical-wounds	(<class 'IndexError'>, IndexError('list index out of range',), <traceback object at 0x00000000057A4CC8>)	['Cure Critical Wounds', 'School conjuration (healing); Level bard 4, cleric 4, druid 5']	 	 	 	 	 	 	 
Cure Light Wounds	/pathfinderRPG/prd/coreRulebook/spells/cureLightWounds.html#cure-light-wounds	conjuration (healing)	bard 1, cleric 1, druid 1, paladin 1, ranger 2	1 standard action	V, S	touch	creature touched	instantaneous	Will half (harmless); see text	yes (harmless); see text
Cure Moderate Wounds	/pathfinderRPG/prd/coreRulebook/spells/cureModerateWounds.html#cure-moderate-wounds	(<class 'IndexError'>, IndexError('list index out of range',), <traceback object at 0x00000000044FAEC8>)	['Cure Moderate Wounds', 'School conjuration (healing); Level bard 2, cleric 2, druid 3, paladin 3, ranger 3']	 	 	 	 	 	 	 
Cure Serious Wounds	/pathfinderRPG/prd/coreRulebook/spells/cureSeriousWounds.html#cure-serious-wounds	(<class 'IndexError'>, IndexError('list index out of range',), <traceback object at 0x0000000004255B88>)	['Cure Serious Wounds', 'School conjuration (healing); Level bard 3, cleric 3, druid 4, paladin 4, ranger 4']	 	 	 	 	 	 	 
Damnation Stride	/pathfinderRPG/prd/advancedRaceGuide/featuredRaces/tieflings.html#damnation-stride	"(<class 'AttributeError'>, AttributeError(""'NoneType' object has no attribute 'groups'"",), <traceback object at 0x000000000440EB48>)"	['Darksire Amulet', 'Aura faint abjuration; CL 3rd', 'Slot neck; Price 9,000 gp; Weight 1 lb.', 'Requirements Craft Wondrous Item, resist energy, creator must be a tiefling, half-fiend, or true fiend ; Cost 4,500 gp']	 	 	 	 	 	 	 
Darkness	/pathfinderRPG/prd/coreRulebook/spells/darkness.html#darkness	evocation [darkness]	bard 2, cleric 2, sorcerer/wizard 2	1 standard action	V, M/DF (bat fur and a piece of coal)	touch	object touched	1 min./level (D)	none	no
Daybreak Arrow	/pathfinderRPG/prd/ultimateCombat/spells/daybreakArrow.html#daybreak-arrow	evocation [light]	cleric 3, inquisitor 3, paladin 3	1 standard action	V, S	touch	up to 50 pieces of ammunition, all of which must be together at the time of casting	10 minutes/level	Fortitude negates (harmless, object)	yes (harmless, object)
Daylight	/pathfinderRPG/prd/coreRulebook/spells/daylight.html#daylight	evocation [light]	bard 3, cleric 3, druid 3, paladin 3, sorcerer/wizard 3	1 standard action	V, S	touch	object touched	10 min./level (D)	none	no
Death Knell	/pathfinderRPG/prd/coreRulebook/spells/deathKnell.html#death-knell	necromancy [death, evil]	cleric 2	1 standard action	V, S	touch	living creature touched	instantaneous/10 minutes per HD of subject; see text	Will negates	yes
Deep Slumber	/pathfinderRPG/prd/coreRulebook/spells/deepSlumber.html#deep-slumber	(<class 'IndexError'>, IndexError('list index out of range',), <traceback object at 0x0000000005762C88>)	['Deep Slumber', 'School enchantment (compulsion) [mind-affecting]; Level bard 3, sorcerer/wizard 3', 'Range close (25 ft. + 5 ft./2 levels)']	 	 	 	 	 	 	 
Defile Armor	/pathfinderRPG/prd/advancedPlayersGuide/spells/defileArmor.html#defile-armor	abjuration [evil]	inquisitor 4, antipaladin 3	1 standard action	V, S	touch	armor touched	1 minute/level	Will negates (harmless, object)	yes (harmless, object)
Desecrate	/pathfinderRPG/prd/coreRulebook/spells/desecrate.html#desecrate	(<class 'IndexError'>, IndexError('list index out of range',), <traceback object at 0x00000000046C6088>)	['Desecrate', 'School evocation [evil]; Level cleric 2', 'Casting Time 1 standard action', 'Component V, S, M (a vial of unholy water and 25 gp worth (5 pounds) of silver dust, all of which must be sprinkled around the area), DF', 'Range close (25 ft. + 5 ft./2 levels)', 'Area 20-ft.-radius emanation', 'Duration 2 hours/level', 'Saving Throw none; Spell Resistance yes']	 	 	 	 	 	 	 
Detect Scrying	/pathfinderRPG/prd/coreRulebook/spells/detectScrying.html#detect-scrying	divination	bard 4, sorcerer/wizard 4	1 standard action	V, S, M (a piece of mirror and a miniature brass hearing trumpet)	40 ft.	40-ft.-radius emanation centered on you	24 hours	none	no
Devolution	/pathfinderRPG/prd/advancedPlayersGuide/spells/devolution.html#devolution	transmutation	sorcerer/wizard 3, summoner 3	1 standard action	V, S, M (a chameleon scale)	close (25 ft. + 5 ft./2 levels)	one eidolon	1 round/level	Will negates	yes
Dictum	/pathfinderRPG/prd/coreRulebook/spells/dictum.html#dictum	evocation [lawful, sonic]	cleric 7	1 standard action	V	40 ft.	nonlawful creatures in a 40-ft.-radius spread centered on you	instantaneous	none or Will negates; see text	yes
Dimensional Lock	/pathfinderRPG/prd/coreRulebook/spells/dimensionalLock.html#dimensional-lock	abjuration	cleric 8, sorcerer/wizard 8	1 standard action	V, S	medium (100 ft. + 10 ft./level)	20-ft.-radius emanation centered on a point in space	1 day/level	none	yes
Dimension Door	/pathfinderRPG/prd/coreRulebook/spells/dimensionDoor.html#dimension-door	conjuration (teleportation)	bard 4, sorcerer/wizard 4	1 standard action	V	long (400 ft. + 40 ft./level)	you and touched objects or other touched willing creatures	instantaneous	none and Will negates (object)	no and yes (object)
Discordant Blast	/pathfinderRPG/prd/advancedPlayersGuide/spells/discordantBlast.html#discordant-blast	evocation [sonic]	bard 4	1 standard action	V, S	10 ft. or 30 ft.	see text	instantaneous	none	yes
Disfiguring Touch	/pathfinderRPG/prd/ultimateMagic/spells/disfiguringTouch.html#disfiguring-touch-	transmutation [curse]	cleric 2, sorcerer/wizard 2, witch 2 	1 standard action 	V, S 	touch 	creature touched 	1 day/level 	Will negates	yes 
Disintegrate	/pathfinderRPG/prd/coreRulebook/spells/disintegrate.html#disintegrate	transmutation	sorcerer/wizard 6	1 standard action	V, S, M/DF (a lodestone and a pinch of dust)	medium (100 ft. + 10 ft./level)	ray	instantaneous	Fortitude partial (object)	yes
Dispel Magic	/pathfinderRPG/prd/coreRulebook/spells/dispelMagic.html#dispel-magic	abjuration	bard 3, cleric 3, druid 4, paladin 3, sorcerer/wizard 3	1 standard action	V, S	medium (100 ft. + 10 ft./level)	or Area one spellcaster, creature, or object	instantaneous	none	no
Divine Favor	/pathfinderRPG/prd/coreRulebook/spells/divineFavor.html#divine-favor	(<class 'IndexError'>, IndexError('list index out of range',), <traceback object at 0x00000000039CAC88>)	['Divine Favor', 'School evocation; Level cleric 1, paladin 1', 'Casting Time 1 standard action', 'Components V, S, DF', 'Range personal', 'Target you', 'Duration 1 minute']	 	 	 	 	 	 	 
Divine Pursuit	/pathfinderRPG/prd/ultimateMagic/spells/divinePursuit.html#divine-pursuit	(<class 'IndexError'>, IndexError('list index out of range',), <traceback object at 0x00000000044CC188>)	['Divine Pursuit', 'School transmutation; Level inquisitor 5', 'Casting Time 1 standard action', 'Component V, S', 'Range personal', 'Target you', 'Duration 1 minute/level; see text']	 	 	 	 	 	 	 
Dominate Person	/pathfinderRPG/prd/coreRulebook/spells/dominatePerson.html#dominate-person	enchantment (compulsion) [mind-affecting]	bard 4, sorcerer/wizard 5	1 round	V, S	close (25 ft. + 5 ft./2 levels)	one humanoid	1 day/level	Will negates	yes
Draconic Reservoir	/pathfinderRPG/prd/advancedPlayersGuide/spells/draconicReservoir.html#draconic-reservoir-	evocation [acid, cold, electricity, or fire]	alchemist 3, sorcerer/wizard 3 	1 standard action 	V, S, M (a scale from dragon that produces the energy you seek to absorb)	touch 	creature touched 	10 minutes/level or until discharged; see text	Fortitude negates (harmless)	yes (harmless)
Dragon's Breath	/pathfinderRPG/prd/advancedPlayersGuide/spells/dragonSBreath.html#dragon's-breath	(<class 'IndexError'>, IndexError('list index out of range',), <traceback object at 0x0000000004242248>)	"[""Dragon's Breath"", 'School evocation [acid, cold, electricity, or fire]; Level alchemist 4, sorcerer/wizard 4', 'Casting Time 1 standard action', 'Component V, S, M (a dragon scale)', 'Range 30 ft. or 60 ft.', 'Area cone-shaped burst or line', 'Duration instantaneous', 'Saving Throw Reflex half; Spell Resistance yes']"	 	 	 	 	 	 	 
Dream	/pathfinderRPG/prd/coreRulebook/spells/dream.html#dream	illusion (phantasm) [mind-affecting]	bard 5, sorcerer/wizard 5	1 minute	V, S	unlimited	one living creature touched	see text	none	yes
Dust of Twilight	/pathfinderRPG/prd/advancedPlayersGuide/spells/dustOfTwilight.html#dust-of-twilight	conjuration [darkness]	bard 2, sorcerer/wizard 2	1 standard action	V, S, M (coal dust)	medium (100 ft. + 10 ft./level)	creatures and objects in a 10-ft. spread	instantaneous	Fortitude negates (fatigue only)	no
Ear-Piercing Scream	/pathfinderRPG/prd/ultimateMagic/spells/earPiercingScream.html#ear-piercing-scream	evocation [sonic]	bard 1, inquisitor 1, sorcerer/wizard 1, witch 1	1 standard action	V, S	close (25 ft. + 5 ft./2 levels)	one creature	instantaneous; see text	Fortitude partial (see text)	yes
Earthquake	/pathfinderRPG/prd/coreRulebook/spells/earthquake.html#earthquake	evocation [earth]	cleric 8, druid 8	1 standard action	V, S, DF	long (400 ft. + 40 ft./level)	80-ft.-radius spread (S)	1 round	see text	no
Elemental Body (all)	"(<class 'UnboundLocalError'>, UnboundLocalError(""local variable 'link' referenced before assignment"",), <traceback object at 0x00000000038A9E48>)"
Endure Elements	/pathfinderRPG/prd/coreRulebook/spells/endureElements.html#endure-elements	abjuration	cleric 1, druid 1, paladin 1, ranger 1, sorcerer/wizard 1	1 standard action	V, S	touch	creature touched	24 hours	Will negates (harmless)	yes (harmless)
Enemy Hammer	/pathfinderRPG/prd/advancedPlayersGuide/spells/enemyHammer.html#enemy-hammer-	transmutation	sorcerer/wizard 6	1 standard action	V, S, M (puppet strings)	long (400 ft. + 40 ft./level)	one creature 	1 round/level (D)	Fortitude partial	yes 
Enervation	/pathfinderRPG/prd/coreRulebook/spells/enervation.html#enervation	necromancy	sorcerer/wizard 4	1 standard action	V, S	close (25 ft. + 5 ft./2 levels)	ray of negative energy	instantaneous	none	yes
Enlarge Person	/pathfinderRPG/prd/coreRulebook/spells/enlargePerson.html#enlarge-person	transmutation	sorcerer/wizard 1	1 round	V, S, M (powdered iron)	close (25 ft. + 5 ft./2 levels)	one humanoid creature	1 min./level (D)	Fortitude negates	yes
Entangle	/pathfinderRPG/prd/coreRulebook/spells/entangle.html#entangle	transmutation	druid 1, ranger 1	1 standard action	V, S, DF	long (400 ft. + 40 ft./level)	plants in a 40-ft.-radius spread	1 min./level (D)	Reflex partial; see text	no
Entropic Shield	/pathfinderRPG/prd/coreRulebook/spells/entropicShield.html#entropic-shield	(<class 'IndexError'>, IndexError('list index out of range',), <traceback object at 0x00000000043D5B88>)	['Entropic Shield', 'School abjuration; Level cleric 1', 'Casting Time 1 standard action', 'Components V, S', 'Range personal', 'Target you', 'Duration 1 min./level (D)']	 	 	 	 	 	 	 
Expeditious Retreat	/pathfinderRPG/prd/coreRulebook/spells/expeditiousRetreat.html#expeditious-retreat	(<class 'IndexError'>, IndexError('list index out of range',), <traceback object at 0x00000000046B2E88>)	['Expeditious Retreat', 'School transmutation; Level bard 1, sorcerer/wizard 1', 'Casting Time 1 standard action', 'Components V, S', 'Range personal', 'Target you', 'Duration 1 min./level (D)']	 	 	 	 	 	 	 
Faerie Fire	/pathfinderRPG/prd/coreRulebook/spells/faerieFire.html#faerie-fire	evocation [light]	druid 1	1 standard action	V, S, DF	long (400 ft. + 40 ft./level)	creatures and objects within a 5-ft.-radius burst	1 min./level (D)	none	yes
False Life	/pathfinderRPG/prd/coreRulebook/spells/falseLife.html#false-life	(<class 'IndexError'>, IndexError('list index out of range',), <traceback object at 0x0000000004641348>)	['False Life', 'School necromancy; Level sorcerer/wizard 2', 'Casting Time 1 standard action', 'Components V, S, M (a drop of blood)', 'Range personal', 'Target you', 'Duration 1 hour/level or until discharged; see text']	 	 	 	 	 	 	 
Feast of Ashes	/pathfinderRPG/prd/advancedPlayersGuide/spells/feastOfAshes.html#feast-of-ashes	(<class 'IndexError'>, IndexError('list index out of range',), <traceback object at 0x0000000004440BC8>)	['Feast of Ashes', 'School transmutation; Level druid 2, witch 2', 'Casting Time 1 standard action', 'Component V, S, M (a pinch of ash)', 'Range close (25 ft. + 5 ft/2 levels)', 'Target one creature', 'Duration 2 days/level (D)', 'Saving Throw Fortitude negates; Spell Resistance yes']	 	 	 	 	 	 	 
Feather Fall	/pathfinderRPG/prd/coreRulebook/spells/featherFall.html#feather-fall	transmutation	bard 1, sorcerer/wizard 1	1 immediate action	V	close (25 ft. + 5 ft./2 levels)	one Medium or smaller freefalling object or creature/level, no two of which may be more than 20 ft. apart	until landing or 1 round/level	Will negates (harmless) or Will negates (object)	yes (object)
Finger of Death	/pathfinderRPG/prd/coreRulebook/spells/fingerOfDeath.html#finger-of-death	necromancy [death]	druid 8, sorcerer/wizard 7	1 standard action	V, S	close (25 ft. + 5 ft./2 levels)	one creature	instantaneous	Fortitude partial	yes
Fireball	/pathfinderRPG/prd/coreRulebook/spells/fireball.html#fireball	evocation [fire]	sorcerer/wizard 3	1 standard action	V, S, M (a ball of bat guano and sulfur)	long (400 ft. + 40 ft./level)	20-ft.-radius spread	instantaneous	Reflex half	yes
Fire Seeds	/pathfinderRPG/prd/coreRulebook/spells/fireSeeds.html#fire-seeds	conjuration (creation) [fire]	druid 6	1 standard action	V, S, M (acorns or holly berries)	touch	up to four acorns or up to eight holly berries	10 min./level or until used	none or Reflex half; see text	no
Fire Shield	/pathfinderRPG/prd/coreRulebook/spells/fireShield.html#fire-shield	(<class 'IndexError'>, IndexError('list index out of range',), <traceback object at 0x0000000004462C48>)	['Fire Shield', 'School evocation [fire or cold]; Level sorcerer/wizard 4', 'Casting Time 1 standard action', 'Components V, S, M (phosphorus for the warm shield; a firefly or glowworm for the chill shield)', 'Range personal', 'Target you', 'Duration 1 round/level (D)']	 	 	 	 	 	 	 
Fire Snake	/pathfinderRPG/prd/advancedPlayersGuide/spells/fireSnake.html#fire-snake	evocation [fire]	druid 5, sorcerer/wizard 5	1 standard action	V, S, M (a snake scale)	60 ft.	see text	instantaneous	Reflex half	yes
Fire Storm	/pathfinderRPG/prd/coreRulebook/spells/fireStorm.html#fire-storm	evocation [fire]	cleric 8, druid 7	1 standard action	V, S	medium (100 ft. + 10 ft./level)	two 10-ft. cubes per level (S)	instantaneous	Reflex half	yes
Firestream	/pathfinderRPG/prd/advancedRaceGuide/featuredRaces/ifrits.html#firestream	"(<class 'AttributeError'>, AttributeError(""'NoneType' object has no attribute 'groups'"",), <traceback object at 0x000000000392AB88>)"	['Cloak of Fiery Vanishing', 'Aura faint abjuration and illusion; CL 5th', 'Slot shoulders; Price 2,600 gp; Weight 1 lb.', 'Requirements Craft Wondrous Item, invisibility, silent image; Cost 1,300 gp']	 	 	 	 	 	 	 
Flame Blade	/pathfinderRPG/prd/coreRulebook/spells/flameBlade.html#flame-blade	evocation [fire]	druid 2	1 standard action	V, S, DF	0 ft.	sword-like beam	1 min./level (D)	none	yes
Flames of the Faithful	/pathfinderRPG/prd/advancedPlayersGuide/spells/flamesOfTheFaithful.html#flames-of-the-faithful	transmutation [fire]	inquisitor 2	1 standard action	V	touch	weapon touched	1 round/level	Fortitude negates (object, harmless)	yes (object, harmless)
Flame Strike	/pathfinderRPG/prd/coreRulebook/spells/flameStrike.html#flame-strike	evocation [fire]	cleric 5, druid 4	1 standard action	V, S, DF	medium (100 ft. + 10 ft./level)	cylinder (10-ft. radius, 40-ft. high)	instantaneous	Reflex half	yes
Flesh to Stone	/pathfinderRPG/prd/coreRulebook/spells/fleshToStone.html#flesh-to-stone	transmutation	sorcerer/wizard 6	1 standard action	V, S, M (lime, water, and earth)	medium (100 ft. + 10 ft./level)	one creature	instantaneous	Fortitude negates	yes
Floating Disk	/pathfinderRPG/prd/coreRulebook/spells/floatingDisk.html#floating-disk	evocation [force]	sorcerer/wizard 1	1 standard action	V, S, M (a drop of mercury)	close (25 ft. + 5 ft./2 levels)	3-ft.-diameter disk of force	1 hour/level	none	no
Fly	/pathfinderRPG/prd/coreRulebook/spells/fly.html	transmutation	sorcerer/wizard 3	1 standard action	V, S, F (a wing feather)	touch	creature touched	1 min./level	Will negates (harmless)	yes (harmless)
Fog Cloud	/pathfinderRPG/prd/coreRulebook/spells/fogCloud.html	conjuration (creation)	druid 2, sorcerer/wizard 2	1 standard action	V, S	medium (100 ft. + 10 ft. level)	fog spreads in 20-ft. radius	10 min./level	none	no
Force Punch	/pathfinderRPG/prd/ultimateMagic/spells/forcePunch.html#force-punch	evocation [force]	magus 3, sorcerer/wizard 3	1 standard action	V, S	touch	creature touched	instantaneous	Fortitude partial	yes
Foresight	/pathfinderRPG/prd/coreRulebook/spells/foresight.html#foresight	divination	druid 9, sorcerer/wizard 9	1 standard action	V, S, M/DF (a hummingbird's feather)	personal or touch	see text	10 min./level	none or Will negates (harmless)	no or yes (harmless)
Form of the Dragon (All)	/pathfinderRPG/prd/coreRulebook/spells/formOfTheDragon.html	"(<class 'AttributeError'>, AttributeError(""'NoneType' object has no attribute 'groups'"",), <traceback object at 0x000000000464F288>)"	['Form of the Dragon I', 'School transmutation (polymorph); Level sorcerer/wizard 6', 'Casting Time 1 standard action', 'Components V, S, M (a scale of the dragon type you plan to assume)', 'Range personal', 'Target you', 'Duration 1 min./level (D)', 'Save see text; Spell Resistance no']	 	 	 	 	 	 	 
Gaseous Form	/pathfinderRPG/prd/coreRulebook/spells/gaseousForm.html#gaseous-form	transmutation	bard 3, sorcerer/wizard 3	1 standard action	S, M/DF (a bit of gauze and a wisp of smoke)	touch	willing corporeal creature touched	2 min./level (D)	none	no
Giant Vermin	/pathfinderRPG/prd/coreRulebook/spells/giantVermin.html#giant-vermin	transmutation	cleric 4, druid 4	1 standard action	V, S, DF	close (25 ft. + 5 ft./2 levels)	1 or more vermin, no two of which can be more than 30 ft. apart	1 min./level	none	yes
Globe of Invulnerability	/pathfinderRPG/prd/coreRulebook/spells/globeOfInvulnerability.html#globe-of-invulnerability	(<class 'IndexError'>, IndexError('list index out of range',), <traceback object at 0x00000000046D56C8>)	['Globe of Invulnerability', 'School abjuration; Level sorcerer/wizard 6']	 	 	 	 	 	 	 
Glyph of Warding	/pathfinderRPG/prd/coreRulebook/spells/glyphOfWarding.html#glyph-of-warding	abjuration	cleric 3	10 minutes	V, S, M (powdered diamond worth 200 gp)	touch	or Area object touched or up to 5 sq. ft./level	permanent until discharged (D)	see text	no (object) and yes; see text
Goodberry	/pathfinderRPG/prd/coreRulebook/spells/goodberry.html#goodberry	transmutation	druid 1	1 standard action	V, S, DF	touch	2d4 fresh berries touched	1 day/level	none	yes
Grease	/pathfinderRPG/prd/coreRulebook/spells/grease.html#grease	"(<class 'AttributeError'>, AttributeError(""'NoneType' object has no attribute 'groups'"",), <traceback object at 0x00000000042F18C8>)"	['Grease', 'School conjuration (creation); Level bard 1, sorcerer/wizard 1', 'Casting Time 1 standard action', 'Components V, S, M (butter)', 'Range close (25 ft. + 5 ft./2 levels)', 'Target one object or 10-ft. square', 'Duration 1 min./level (D)', 'Save see text; SR no']	 	 	 	 	 	 	 
Guards and Wards	/pathfinderRPG/prd/coreRulebook/spells/guardsAndWards.html#guards-and-wards	abjuration	sorcerer/wizard 6	30 minutes	V, S, M (burning incense, a small measure of brimstone and oil, a knotted string, and a small amount of blood), F (a small silver rod)	anywhere within the area to be warded	up to 200 sq. ft./level (S)	2 hours/level (D)	see text	see text
Gust of Wind	/pathfinderRPG/prd/coreRulebook/spells/gustOfWind.html#gust-of-wind	evocation [air]	druid 2, sorcerer/wizard 2	1 standard action	V, S	60 ft.	line-shaped gust of severe wind emanating out from you to the extreme of the range	1 round	Fortitude negates	yes
Harm	/pathfinderRPG/prd/coreRulebook/spells/harm.html#harm	necromancy	cleric 6	1 standard action	V, S	touch	creature touched	instantaneous	Will half; see text	yes
Haste	/pathfinderRPG/prd/coreRulebook/spells/haste.html#haste	transmutation	bard 3, sorcerer/wizard 3	1 standard action	V, S, M (a shaving of licorice root)	close (25 ft. + 5 ft./2 levels)	one creature/level, no two of which can be more than 30 ft. apart	1 round/level	Fortitude negates (harmless)	yes (harmless)
Heal	/pathfinderRPG/prd/coreRulebook/spells/heal.html#heal	conjuration (healing)	cleric 6, druid 7	1 standard action	V, S	touch	creature touched	instantaneous	Will negates (harmless)	yes (harmless)
Healing Thief	/pathfinderRPG/prd/ultimateCombat/spells/healingThief.html#healing-thief	"(<class 'AttributeError'>, AttributeError(""'NoneType' object has no attribute 'groups'"",), <traceback object at 0x00000000045A5948>)"	['Healing Thief', 'School necromancy Level sorcerer/wizard 3, witch 3', 'Casting Time 1 standard action', 'Components V, S, M (a bit of sponge, damp with tears)', 'Range touch', 'Target creature touched', 'Duration 1 round/level or until discharged', 'Saving Throw none; Spell Resistance yes']	 	 	 	 	 	 	 
Heat Metal	/pathfinderRPG/prd/coreRulebook/spells/heatMetal.html#heat-metal	transmutation [fire]	druid 2	1 standard action	V, S, DF	close (25 ft. + 5 ft./2 levels)	metal equipment of one creature per two levels, no two of which can be more than 30 ft. apart; or 25 lbs. of metal/level, all of which must be within a 30-ft. circle	7 rounds 	Will negates (object)	yes (object)
Heroism	/pathfinderRPG/prd/coreRulebook/spells/heroism.html#heroism	enchantment (compulsion) [mind-affecting]	bard 2, sorcerer/wizard 3	1 standard action	V, S	touch	creature touched	10 min./level	Will negates (harmless)	yes (harmless)
Hex Ward	/pathfinderRPG/prd/ultimateMagic/spells/hexWard.html#hex-ward	abjuration	inquisitor 1, witch 1	1 standard action	V, S	touch	creature touched	1 hour/level	Will negates (harmless)	yes (harmless)
Hideous Laughter	/pathfinderRPG/prd/coreRulebook/spells/hideousLaughter.html#hideous-laughter	enchantment (compulsion) [mind-affecting]	bard 1, sorcerer/wizard 2	1 standard action	V, S, M (tiny fruit tarts and a feather)	close (25 ft. + 5 ft./2 levels)	one creature; see text	1 round/level	Will negates	yes
Hold Portal	/pathfinderRPG/prd/coreRulebook/spells/holdPortal.html#hold-portal	(<class 'IndexError'>, IndexError('list index out of range',), <traceback object at 0x0000000004707F88>)	['Hold Portal', 'School abjuration; Level sorcerer/wizard 1', 'Casting Time 1 standard action', 'Component V', 'Range medium (100 ft. + 10 ft./level)', 'Target one portal, up to 20 sq. ft./level', 'Duration 1 min./level (D)', 'Saving Throw none; Spell Resistance no']	 	 	 	 	 	 	 
Holy Smite	/pathfinderRPG/prd/coreRulebook/spells/holySmite.html#holy-smite	evocation [good]	cleric 4	1 standard action	V, S	medium (100 ft. + 10 ft./level)	20-ft.-radius burst	instantaneous (1 round); see text	Will partial; see text	yes
Holy Word	/pathfinderRPG/prd/coreRulebook/spells/holyWord.html#holy-word	evocation [good, sonic]	cleric 7	1 standard action	V	40 ft.	nongood creatures in a 40-ft.-radius spread centered on you	instantaneous	Will partial	yes
Hydraulic Push	/pathfinderRPG/prd/advancedPlayersGuide/spells/hydraulicPush.html#hydraulic-push-	evocation [water]	druid 1, sorcerer/wizard 1	1 standard action 	V, S	close (25 ft. + 5 ft./2 levels)	one creature or object	instantaneous 	none	yes 
Hydraulic Torrent	/pathfinderRPG/prd/advancedPlayersGuide/spells/hydraulicTorrent.html#hydraulic-torrent-	evocation [water]	druid 3, sorcerer/wizard 3	1 standard action 	V, S	60 ft.	60-ft. line	instantaneous 	none	yes
Ice Storm	/pathfinderRPG/prd/coreRulebook/spells/iceStorm.html#ice-storm	evocation [cold]	druid 4, sorcerer/wizard 4	1 standard action	V, S, M/DF (dust and water)	long (400 ft. + 40 ft./level)	cylinder (20-ft. radius, 40 ft. high)	1 round/level (D)	none	yes
Ill Omen	/pathfinderRPG/prd/advancedPlayersGuide/spells/illOmen.html#ill-omen	enchantment (compulsion) [mind-affecting]	witch 1	1 standard action	V, S, M (hair from a black cat)	close (25 ft. + 5 ft./2 levels)	one creature	1 round/level or until discharged	none	yes
Inflict Critical Wounds	/pathfinderRPG/prd/coreRulebook/spells/inflictCriticalWounds.html#inflict-critical-wounds	(<class 'IndexError'>, IndexError('list index out of range',), <traceback object at 0x00000000043AD308>)	['Inflict Critical Wounds', 'School necromancy; Level cleric 4']	 	 	 	 	 	 	 
Inflict Light Wounds	/pathfinderRPG/prd/coreRulebook/spells/inflictLightWounds.html#inflict-light-wounds	necromancy	cleric 1	1 standard action	V, S	touch	creature touched	instantaneous	Will half	yes
Inflict Moderate Wounds	/pathfinderRPG/prd/coreRulebook/spells/inflictModerateWounds.html#inflict-moderate-wounds	(<class 'IndexError'>, IndexError('list index out of range',), <traceback object at 0x000000000421FAC8>)	['Inflict Moderate Wounds', 'School necromancy; Level cleric 2']	 	 	 	 	 	 	 
Inflict Serious Wounds	/pathfinderRPG/prd/coreRulebook/spells/inflictSeriousWounds.html#inflict-serious-wounds	(<class 'IndexError'>, IndexError('list index out of range',), <traceback object at 0x00000000041F9888>)	['Inflict Serious Wounds', 'School necromancy; Level cleric 3']	 	 	 	 	 	 	 
Invisibility	/pathfinderRPG/prd/coreRulebook/spells/invisibility.html#invisibility	illusion (glamer)	bard 2, sorcerer/wizard 2	1 standard action	V, S, M/DF (an eyelash encased in gum arabic)	personal or touch	you or a creature or object weighing no more than 100 lbs./level	1 min./level (D)	Will negates (harmless) or Will negates (harmless, object)	yes (harmless) or yes (harmless, object)
Irresistible Dance	/pathfinderRPG/prd/coreRulebook/spells/irresistibleDance.html#irresistible-dance	enchantment (compulsion) [mind-affecting]	bard 6, sorcerer/wizard 8	1 standard action	V	touch	living creature touched	1d4+1 rounds	Will partial	yes
Jitterbugs	/pathfinderRPG/prd/advancedRaceGuide/coreRaces/gnomes.html#jitterbugs	"(<class 'AttributeError'>, AttributeError(""'NoneType' object has no attribute 'groups'"",), <traceback object at 0x000000000445AF88>)"	['Amazing Tools of Manufacture', 'Aura faint transmutation; CL 3rd', 'Slot none; Price 12,000 gp; Weight 1 lb.', 'Requirements Craft Wondrous Item, Master Craftsman; Cost 6,000 gp']	 	 	 	 	 	 	 
Knock	/pathfinderRPG/prd/coreRulebook/spells/knock.html#knock	transmutation	sorcerer/wizard 2	1 standard action	V	medium (100 ft. + 10 ft./level)	one door, box, or chest with an area of up to 10 sq. ft./level	instantaneous; see text	none	no
Know the Enemy	/pathfinderRPG/prd/ultimateMagic/spells/knowTheEnemy.html#know-the-enemy	divination	cleric 1, inquisitor 1, paladin 1, ranger 1	1 minute	S, V, DF	personal	you	instantaneous	none	no
Levitate	/pathfinderRPG/prd/coreRulebook/spells/levitate.html#levitate	transmutation	sorcerer/wizard 2	1 standard action	V, S, F (a leather loop or golden wire bent into a cup shape)	personal or close (25 ft. + 5 ft./2 levels)	you or one willing creature or one object (total weight up to 100 lbs./level)	1 min./level (D)	none	no
Lightning Arc	/pathfinderRPG/prd/ultimateMagic/spells/lightningArc.html#lightning-arc	evocation [electricity]	sorcerer/wizard 5	1 standard action	V, S, M (fur and two glass figurines)	long (400 ft. + 40 ft./level)	two creatures or objects which must be no more than 60 ft. apart	instantaneous	Reflex half	yes (see text)
Limited Wish	/pathfinderRPG/prd/coreRulebook/spells/limitedWish.html#limited-wish	universal	sorcerer/wizard 7	1 standard action	V, S, M (diamond worth 1,500 gp)	see text	Effect, Area see text	see text	none, see text	yes
Mage Armor	/pathfinderRPG/prd/coreRulebook/spells/mageArmor.html#mage-armor	conjuration (creation) [force]	sorcerer/wizard 1	1 standard action	V, S, F (a piece of cured leather)	touch	creature touched	1 hour/level (D)	Will negates (harmless)	no
Mage's Disjunction	/pathfinderRPG/prd/coreRulebook/spells/mageSDisjunction.html#mage-s-disjunction	abjuration	sorcerer/wizard 9	1 standard action	V	close (25 ft. + 5 ft./2 levels)	all magical effects and magic items within a 40-ft.-radius burst, or one magic item (see text)	1 minute/level	Will negates (object)	no
Magic Fang	/pathfinderRPG/prd/coreRulebook/spells/magicFang.html#magic-fang	transmutation	druid 1, ranger 1	1 standard action	V, S, DF	touch	living creature touched	1 min./level	Will negates (harmless)	yes (harmless)
Magic Fang, Greater	/pathfinderRPG/prd/coreRulebook/spells/magicFang.html#magic-fang-greater	transmutation	druid 1, ranger 1	1 standard action	V, S, DF	touch	living creature touched	1 min./level	Will negates (harmless)	yes (harmless)
Magic Missile	/pathfinderRPG/prd/coreRulebook/spells/magicMissile.html#magic-missile	evocation [force]	sorcerer/wizard 1	1 standard action	V, S	medium (100 ft. + 10 ft./level)	up to five creatures, no two of which can be more than 15 ft. apart	instantaneous	none	yes
Magic Vestment	/pathfinderRPG/prd/coreRulebook/spells/magicVestment.html#magic-vestment	transmutation	cleric 3	1 standard action	V, S, DF	touch	armor or shield touched	1 hour/level	Will negates (harmless, object)	yes (harmless, object)
Magic Weapon, Greater	/pathfinderRPG/prd/coreRulebook/spells/magicWeapon.html#magic-weapon-greater	transmutation	cleric 1, paladin 1, sorcerer/wizard 1	1 standard action	V, S, DF	touch	weapon touched	1 min./level	Will negates (harmless, object)	yes (harmless, object)
Make Whole	/pathfinderRPG/prd/coreRulebook/spells/makeWhole.html#make-whole	(<class 'IndexError'>, IndexError('list index out of range',), <traceback object at 0x000000000440E088>)	['Make Whole', 'School transmutation; Level cleric 2, sorcerer/wizard 2', 'Range close (25 ft. + 5 ft./2 levels)', 'Target one object of up to 10 cu. ft./level or one construct creature of any size']	 	 	 	 	 	 	 
Maze	/pathfinderRPG/prd/coreRulebook/spells/maze.html#maze	conjuration (teleportation)	sorcerer/wizard 8	1 standard action	V, S	close (25 ft. + 5 ft./2 levels)	one creature	see text	none	yes
Memory Lapse	/pathfinderRPG/prd/advancedPlayersGuide/spells/memoryLapse.html#memory-lapse	enchantment [mind-affecting]	bard 1, sorcerer/wizard 1	1 standard action	V, S	close (25 ft. + 5 ft./2 levels)	one living creature 	instantaneous	Will negates	yes
Meteor Swarm	/pathfinderRPG/prd/coreRulebook/spells/meteorSwarm.html#meteor-swarm	evocation [fire]	sorcerer/wizard 9	1 standard action	V, S	long (400 ft. + 40 ft./level)	four 40-ft.-radius spreads, see text	instantaneous	none or Reflex half, see text	yes
Mighty Fist of the Earth	/pathfinderRPG/prd/advancedRaceGuide/featuredRaces/oreads.html#mighty-fist-of-the-earth	"(<class 'AttributeError'>, AttributeError(""'NoneType' object has no attribute 'groups'"",), <traceback object at 0x000000000574B148>)"	['Belt of Stoneskin', 'Aura moderate abjuration; CL 10th', 'Slot belt; Price 60,000 gp; Weight 10 lbs.', 'Requirements Craft Wondrous Item, stoneskin, creator must be an oread or a creature with the earth subtype; Cost 30,000 gp']	 	 	 	 	 	 	 
Mirror Image	/pathfinderRPG/prd/coreRulebook/spells/mirrorImage.html#mirror-image	(<class 'IndexError'>, IndexError('list index out of range',), <traceback object at 0x00000000057B42C8>)	['Mirror Image', 'School illusion (figment); Level bard 2, sorcerer/wizard 2', 'Casting Time 1 standard action', 'Components V, S', 'Range personal', 'Target you', 'Duration 1 min./level']	 	 	 	 	 	 	 
Mislead	/pathfinderRPG/prd/coreRulebook/spells/mislead.html#mislead	illusion (figment, glamer)	bard 5, sorcerer/wizard 6	1 standard action	S	close (25 ft. + 5 ft./2 levels)	you/one illusory double	1 round/level (D) and concentration + 3 rounds; see text	none or Will disbelief (if interacted with); see text	no
Modify Memory	/pathfinderRPG/prd/coreRulebook/spells/modifyMemory.html#modify-memory	enchantment (compulsion) [mind-affecting]	bard 4	1 round; see text	V, S	close (25 ft. + 5 ft./2 levels)	one living creature	permanent	Will negates	yes
Monstrous Physique (all)	/pathfinderRPG/prd/ultimateMagic/spells/monstrousPhysique.html	(<class 'IndexError'>, IndexError('list index out of range',), <traceback object at 0x000000000461E6C8>)	['Monstrous Physique I', 'School transmutation (polymorph); Level alchemist 3, magus 3, sorcerer/wizard 3', 'Casting Time 1 standard action', 'Components V, S, M (a piece of the creature whose form you plan to assume)', 'Range personal', 'Target you', 'Duration 1 minute/level (D)']	 	 	 	 	 	 	 
Move Earth	/pathfinderRPG/prd/coreRulebook/spells/moveEarth.html#move-earth	transmutation [earth]	druid 6, sorcerer/wizard 6	see text	V, S, M (clay, loam, sand, and an iron blade)	long (400 ft. + 40 ft./level)	dirt in an area up to 750 ft. square and up to 10 ft. deep (S)	instantaneous	none	no
Murderous Command	/pathfinderRPG/prd/ultimateMagic/spells/murderousCommand.html#murderous-command	enchantment (compulsion) [mind-affecting]	antipaladin 1, cleric 1	1 standard action	V	close (25 ft. + 5 ft./2 levels)	one living creature	1 round	Will negates	yes
Named Bullet	/pathfinderRPG/prd/ultimateCombat/spells/namedBullet.html#named-bullet	divination	inquisitor 4, ranger 3, sorcerer/wizard 4, witch 4	1 standard action	V, S, M/DF (an item from the selected creature or creature type)	touch	one piece of ammunition or one thrown weapon	10 minutes/level or until discharged	Will negates (harmless, object)	yes (harmless, object)
Nightmare	/pathfinderRPG/prd/coreRulebook/spells/nightmare.html#nightmare	illusion (phantasm) [mind-affecting, evil]	bard 5, sorcerer/wizard 5	10 minutes	V, S	unlimited	one living creature	instantaneous	Will negates; see text	yes
Oath of Peace	/pathfinderRPG/prd/advancedPlayersGuide/spells/oathOfPeace.html#oath-of-peace	(<class 'IndexError'>, IndexError('list index out of range',), <traceback object at 0x0000000004488308>)	['Oath of Peace', 'School abjuration; Level paladin 4', 'Casting Time 1 standard action', 'Components V, S', 'Range personal', 'Target you', 'Duration 1 round/level']	 	 	 	 	 	 	 
Obscuring Mist	/pathfinderRPG/prd/coreRulebook/spells/obscuringMist.html#obscuring-mist	conjuration (creation)	cleric 1, druid 1, sorcerer/wizard 1	1 standard action	V, S	20 ft.	cloud spreads in 20-ft. radius from you, 20 ft. high	1 min./level (D)	none	no
Orb of the Void	/pathfinderRPG/prd/ultimateMagic/spells/orbOfTheVoid.html#orb-of-the-void	necromancy	cleric 8, sorcerer/wizard 8	1 standard action	V, S, M (a black gemstone of any kind worth 50 gp)	close (25 ft. + 5 ft./2 levels)	1-ft.-diameter sphere	1 round/level (D)	Fortitude negates	yes
Order's Wrath	/pathfinderRPG/prd/coreRulebook/spells/orderSWrath.html#order-s-wrath	evocation [lawful]	cleric 4	1 standard action	V, S	medium (100 ft. + 10 ft./level)	nonlawful creatures within a burst that fills a 30-ft. cube	instantaneous (1 round); see text	Will partial; see text	yes
Pernicious Poison	/pathfinderRPG/prd/ultimateMagic/spells/perniciousPoison.html#pernicious-poison	necromancy [poison]	antipaladin 2, druid 2, sorcerer/wizard 2, witch 2	1 standard action	V, S, DF	touch	creature touched	10 minute/level	none	yes
Phantasmal Killer	/pathfinderRPG/prd/coreRulebook/spells/phantasmalKiller.html#phantasmal-killer	illusion (phantasm) [fear, mind-affecting]	sorcerer/wizard 4	1 standard action	V, S	medium (100 ft. + 10 ft./level)	one living creature	instantaneous	Will disbelief, then Fortitude partial; see text	yes
Phantom Steed	/pathfinderRPG/prd/coreRulebook/spells/phantomSteed.html#phantom-steed	conjuration (creation)	bard 3, sorcerer/wizard 3	10 minutes	V, S	0 ft.	one quasi-real, horselike creature	1 hour/level (D)	none	no
Pillar of Life	/pathfinderRPG/prd/advancedPlayersGuide/spells/pillarOfLife.html#pillar-of-life	conjuration (healing) [light]	cleric 5	1 standard action	V, S, DF	medium (100 ft. + 10 ft./level)	5-ft.-square pillar of positive energy, 20 ft. high	1 round/level	none	no
Plane Shift	/pathfinderRPG/prd/coreRulebook/spells/planeShift.html#plane-shift	conjuration (teleportation)	cleric 5, sorcerer/wizard 7	1 standard action	V, S, F (a forked metal rod attuned to the plane of travel)	touch	creature touched, or up to eight willing creatures joining hands	instantaneous	Will negates	yes
Polar Ray	/pathfinderRPG/prd/coreRulebook/spells/polarRay.html#polar-ray	evocation [cold]	sorcerer/wizard 8	1 standard action	V, S, F (a white ceramic cone or prism)	medium (100 ft. + 10 ft./level)	ray	instantaneous	none	yes
Power Word Blind	/pathfinderRPG/prd/coreRulebook/spells/powerWordBlind.html#power-word-blind	enchantment (compulsion) [mind-affecting]	sorcerer/wizard 7	1 standard action	V	close (25 ft. + 5 ft./2 levels)	one creature with 200 hp or less	see text	none	yes
Power Word Kill	/pathfinderRPG/prd/coreRulebook/spells/powerWordKill.html#power-word-kill	enchantment (compulsion) [death, mind-affecting]	sorcerer/wizard 9	1 standard action	V	close (25 ft. + 5 ft./2 levels)	one living creature with 100 hp or less	instantaneous	none	yes
Power Word Stun	/pathfinderRPG/prd/coreRulebook/spells/powerWordStun.html#power-word-stun	enchantment (compulsion) [mind-affecting]	sorcerer/wizard 8	1 standard action	V	close (25 ft. + 5 ft./2 levels)	one creature with 150 hp or less	See text	none	yes
Pox Pustules	/pathfinderRPG/prd/advancedPlayersGuide/spells/poxPustules.html#pox-pustules	necromancy	druid 2, witch 2	1 standard action	V, S, M (leaves from a toxic plant)	close (25 ft. + 5 ft./2 levels)	one creature	1 minute/level	Fortitude negates	yes
Prayer	/pathfinderRPG/prd/coreRulebook/spells/prayer.html#prayer	enchantment (compulsion) [mind-affecting]	cleric 3, paladin 3	1 standard action	V, S, DF	40 ft.	all allies and foes within a 40-ft.-radius burst centered on you	1 round/level	none	yes
Prismatic Sphere	/pathfinderRPG/prd/coreRulebook/spells/prismaticSphere.html#prismatic-sphere	(<class 'IndexError'>, IndexError('list index out of range',), <traceback object at 0x00000000042FBF08>)	['Prismatic Sphere', 'School abjuration; Level sorcerer/wizard 9', 'Components: V', 'Range 10 ft.', 'Effect 10-ft.-radius sphere centered on you']	 	 	 	 	 	 	 
Prismatic Spray	/pathfinderRPG/prd/coreRulebook/spells/prismaticSpray.html#prismatic-spray	evocation	sorcerer/wizard 7	1 standard action	V, S	60 ft.	cone-shaped burst	instantaneous	see text	yes
Protection from Chaos	/pathfinderRPG/prd/coreRulebook/spells/protectionFromChaos.html#protection-from-chaos	(<class 'IndexError'>, IndexError('list index out of range',), <traceback object at 0x0000000004311188>)	['Protection from Chaos', 'School abjuration [lawful]; Level cleric 1, paladin 1, sorcerer/wizard 1']	 	 	 	 	 	 	 
Protection from Evil	/pathfinderRPG/prd/coreRulebook/spells/protectionFromEvil.html#protection-from-evil	abjuration [good]	cleric 1, paladin 1, sorcerer/wizard 1	1 standard action	V, S, M/DF	touch	creature touched	1 min./level (D)	Will negates (harmless)	no; see text
Protection from Good	/pathfinderRPG/prd/coreRulebook/spells/protectionFromGood.html#protection-from-good	(<class 'IndexError'>, IndexError('list index out of range',), <traceback object at 0x00000000041F3E48>)	['Protection from Good', 'School abjuration [evil]; Level cleric 1, sorcerer/wizard 1']	 	 	 	 	 	 	 
Protection from Law	/pathfinderRPG/prd/coreRulebook/spells/protectionFromLaw.html#protection-from-law	(<class 'IndexError'>, IndexError('list index out of range',), <traceback object at 0x00000000042BD288>)	['Protection from Law', 'School abjuration [chaotic]; Level cleric 1, sorcerer/wizard 1']	 	 	 	 	 	 	 
Protection from Chaos	/pathfinderRPG/prd/coreRulebook/spells/protectionFromChaos.html#protection-from-chaos	(<class 'IndexError'>, IndexError('list index out of range',), <traceback object at 0x000000000424A388>)	['Protection from Chaos', 'School abjuration [lawful]; Level cleric 1, paladin 1, sorcerer/wizard 1']	 	 	 	 	 	 	 
Protection from Evil	/pathfinderRPG/prd/coreRulebook/spells/protectionFromEvil.html#protection-from-evil	abjuration [good]	cleric 1, paladin 1, sorcerer/wizard 1	1 standard action	V, S, M/DF	touch	creature touched	1 min./level (D)	Will negates (harmless)	no; see text
Protection from Good	/pathfinderRPG/prd/coreRulebook/spells/protectionFromGood.html#protection-from-good	(<class 'IndexError'>, IndexError('list index out of range',), <traceback object at 0x00000000045E3508>)	['Protection from Good', 'School abjuration [evil]; Level cleric 1, sorcerer/wizard 1']	 	 	 	 	 	 	 
Protection from Law	/pathfinderRPG/prd/coreRulebook/spells/protectionFromLaw.html#protection-from-law	(<class 'IndexError'>, IndexError('list index out of range',), <traceback object at 0x0000000004578808>)	['Protection from Law', 'School abjuration [chaotic]; Level cleric 1, sorcerer/wizard 1']	 	 	 	 	 	 	 
Protection from Chaos	/pathfinderRPG/prd/coreRulebook/spells/protectionFromChaos.html#protection-from-chaos	(<class 'IndexError'>, IndexError('list index out of range',), <traceback object at 0x000000000442C108>)	['Protection from Chaos', 'School abjuration [lawful]; Level cleric 1, paladin 1, sorcerer/wizard 1']	 	 	 	 	 	 	 
Protection from Evil	/pathfinderRPG/prd/coreRulebook/spells/protectionFromEvil.html#protection-from-evil	abjuration [good]	cleric 1, paladin 1, sorcerer/wizard 1	1 standard action	V, S, M/DF	touch	creature touched	1 min./level (D)	Will negates (harmless)	no; see text
Protection from Good	/pathfinderRPG/prd/coreRulebook/spells/protectionFromGood.html#protection-from-good	(<class 'IndexError'>, IndexError('list index out of range',), <traceback object at 0x000000000470F948>)	['Protection from Good', 'School abjuration [evil]; Level cleric 1, sorcerer/wizard 1']	 	 	 	 	 	 	 
Protection from Law	/pathfinderRPG/prd/coreRulebook/spells/protectionFromLaw.html#protection-from-law	(<class 'IndexError'>, IndexError('list index out of range',), <traceback object at 0x0000000004427AC8>)	['Protection from Law', 'School abjuration [chaotic]; Level cleric 1, sorcerer/wizard 1']	 	 	 	 	 	 	 
Protection from Chaos	/pathfinderRPG/prd/coreRulebook/spells/protectionFromChaos.html#protection-from-chaos	(<class 'IndexError'>, IndexError('list index out of range',), <traceback object at 0x0000000003953DC8>)	['Protection from Chaos', 'School abjuration [lawful]; Level cleric 1, paladin 1, sorcerer/wizard 1']	 	 	 	 	 	 	 
Protection from Evil	/pathfinderRPG/prd/coreRulebook/spells/protectionFromEvil.html#protection-from-evil	abjuration [good]	cleric 1, paladin 1, sorcerer/wizard 1	1 standard action	V, S, M/DF	touch	creature touched	1 min./level (D)	Will negates (harmless)	no; see text
Protection from Good	/pathfinderRPG/prd/coreRulebook/spells/protectionFromGood.html#protection-from-good	(<class 'IndexError'>, IndexError('list index out of range',), <traceback object at 0x00000000039B5BC8>)	['Protection from Good', 'School abjuration [evil]; Level cleric 1, sorcerer/wizard 1']	 	 	 	 	 	 	 
Protection from Law	/pathfinderRPG/prd/coreRulebook/spells/protectionFromLaw.html#protection-from-law	(<class 'IndexError'>, IndexError('list index out of range',), <traceback object at 0x0000000003987DC8>)	['Protection from Law', 'School abjuration [chaotic]; Level cleric 1, sorcerer/wizard 1']	 	 	 	 	 	 	 
Protection from Arrows	/pathfinderRPG/prd/coreRulebook/spells/protectionFromArrows.html#protection-from-arrows	abjuration	sorcerer/wizard 2	1 standard action	V, S, F (a piece of tortoiseshell or turtle shell)	touch	creature touched	1 hour/level or until discharged	Will negates (harmless)	yes (harmless)
Ray of Enfeeblement	/pathfinderRPG/prd/coreRulebook/spells/rayOfEnfeeblement.html#ray-of-enfeeblement	necromancy	sorcerer/wizard 1	1 standard action	V, S	close (25 ft. + 5 ft./2 levels)	ray	1 round/level	Fortitude half	yes
Reduce Person	/pathfinderRPG/prd/coreRulebook/spells/reducePerson.html#reduce-person	transmutation	sorcerer/wizard 1	1 round	V, S, M (a pinch of powdered iron)	close (25 ft. + 5 ft./2 levels)	one humanoid creature	1 min./level (D)	Fortitude negates	yes
Regenerate	/pathfinderRPG/prd/coreRulebook/spells/regenerate.html#regenerate	conjuration (healing)	cleric 7, druid 9	3 full rounds	V, S, DF	touch	living creature touched	instantaneous	Fortitude negates (harmless)	yes (harmless)
Repel Wood	/pathfinderRPG/prd/coreRulebook/spells/repelWood.html#repel-wood	transmutation	druid 6	1 standard action	V, S	60 ft.	60-ft. line-shaped emanation from you	1 min./level (D)	none	no
Resist Energy	/pathfinderRPG/prd/coreRulebook/spells/resistEnergy.html#resist-energy	abjuration	cleric 2, druid 2, paladin 2, ranger 1, sorcerer/wizard 2	1 standard action	V, S, DF	touch	creature touched	10 min./level	Fortitude negates (harmless)	yes (harmless)
Resonating Word	/pathfinderRPG/prd/ultimateMagic/spells/resonatingWord.html#resonating-word	transmutation [sonic]	bard 5, sorcerer/wizard 7	1 standard action	V	medium (100 ft. + 10 ft./level)	one creature	3 rounds	Fortitude partial	yes
Reverse Gravity	/pathfinderRPG/prd/coreRulebook/spells/reverseGravity.html#reverse-gravity	transmutation	druid 8, sorcerer/wizard 7	1 standard action	V, S, M/DF (lodestone and iron filings)	medium (100 ft. + 10 ft./level)	up to one 10-ft. cube/level (S)	1 round/level (D)	none; see text	no
Ricochet Shot	/pathfinderRPG/prd/ultimateCombat/spells/ricochetShot.html#ricochet-shot	evocation	ranger 2, sorcerer/wizard 2	1 standard action	V, S, M (a wishbone)	close (25 ft. + 5 ft./2 levels)	one projectile weapon	1 round/level or until discharged	Will negates (harmless, object)	yes (harmless, object)
Sacred Bond	/pathfinderRPG/prd/advancedPlayersGuide/spells/sacredBond.html#sacred-bond	conjuration (healing)	cleric 3, inquisitor 2, paladin 2	1 round	V, S, F (a pair of golden bracelets worth 100 gp each worn by both you and the target)	touch; see text	creature touched	10 minutes/level (D)	Will negates (harmless)	yes (harmless)
Sanctify Armor	/pathfinderRPG/prd/advancedPlayersGuide/spells/sanctifyArmor.html#sanctify-armor	abjuration [good]	inquisitor 4, paladin 3	1 standard action	V, S	touch	armor touched	1 minute/level	Will negates (harmless, object)	yes (harmless, object)
Sanctuary	/pathfinderRPG/prd/coreRulebook/spells/sanctuary.html#sanctuary	abjuration	cleric 1	1 standard action	V, S, DF	touch	creature touched	1 round/level	Will negates	no
Sands of Time	/pathfinderRPG/prd/ultimateMagic/spells/sandsOfTime.html#sands-of-time	necromancy	cleric 3, sorcerer/wizard 3, witch 3	1 standard action	V, S	touch	touched creature or object	10 minutes/level or instantaneous (see text)	none	yes
Saving Finale	/pathfinderRPG/prd/advancedPlayersGuide/spells/savingFinale.html#saving-finale	evocation [mind-affecting]	bard 1	1 immediate action	V, S	close (25 ft. + 5 ft./2 levels)	one living creature	instantaneous	Will negates (harmless)	yes (harmless)
Scorching Ash Form	/pathfinderRPG/prd/advancedRaceGuide/featuredRaces/ifrits.html#scorching-ash-form	"(<class 'AttributeError'>, AttributeError(""'NoneType' object has no attribute 'groups'"",), <traceback object at 0x000000000462EEC8>)"	['Cloak of Fiery Vanishing', 'Aura faint abjuration and illusion; CL 5th', 'Slot shoulders; Price 2,600 gp; Weight 1 lb.', 'Requirements Craft Wondrous Item, invisibility, silent image; Cost 1,300 gp']	 	 	 	 	 	 	 
Scorching Ray	/pathfinderRPG/prd/coreRulebook/spells/scorchingRay.html#scorching-ray	evocation [fire]	sorcerer/wizard 2	1 standard action	V, S	close (25 ft. + 5 ft./2 levels)	one or more rays	instantaneous	none	yes
Scouring Winds	/pathfinderRPG/prd/ultimateMagic/spells/scouringWinds.html#scouring-winds	evocation [air, earth]	druid 7, sorcerer/wizard 7, witch 7	1 standard action	V, S	medium (100 ft. + 10 ft./level)	sandstorm in 20-ft. radius, 20 ft. high	1 round/level (D)	none	yes (see text)
Searing Light	/pathfinderRPG/prd/coreRulebook/spells/searingLight.html#searing-light	evocation	cleric 3	1 standard action	V, S	medium (100 ft. + 10 ft./level)	ray	instantaneous	none	yes
Sending	/pathfinderRPG/prd/coreRulebook/spells/sending.html#sending	evocation	cleric 4, sorcerer/wizard 5	10 minutes	V, S, M/DF (fine copper wire)	see text	one creature	1 round; see text	none	no
Shadow Anchor	/pathfinderRPG/prd/advancedRaceGuide/uncommonRaces/wayangs.html#shadow-anchor	"(<class 'AttributeError'>, AttributeError(""'NoneType' object has no attribute 'groups'"",), <traceback object at 0x000000000462E8C8>)"	['Bag of Shadow Clouds', 'Aura moderate illusion; CL 7th', 'Slot none; Price 30,240 gp; Weight 1 lb.', 'Requirements Craft Wondrous Item, darkness, shadow conjuration; Cost 15,120 gp']	 	 	 	 	 	 	 
Shadow Weapon	/pathfinderRPG/prd/ultimateMagic/spells/shadowWeapon.html#shadow-weapon	illusion (shadow) [shadow]	sorcerer/wizard 1, witch 1	1 standard action	V, S	0 ft.	one shadow weapon	1 minute/level	Will disbelief (if interacted with)	yes
Shatter	/pathfinderRPG/prd/coreRulebook/spells/shatter.html#shatter	evocation [sonic]	bard 2, cleric 2, sorcerer/wizard 2	1 standard action	V, S, M/DF (a chip of mica)	close (25 ft. + 5 ft./2 levels)	or Target 5-ft.-radius spread; or one solid object or one crystalline creature	instantaneous	Will negates (object); Will negates (object) or Fortitude half; see text	yes
Shield of Faith	/pathfinderRPG/prd/coreRulebook/spells/shieldOfFaith.html#shield-of-faith	abjuration	cleric 1	1 standard action	V, S, M (parchment with a holy text written on it)	touch	creature touched	1 min./level	Will negates (harmless)	yes (harmless)
Shield Other	/pathfinderRPG/prd/coreRulebook/spells/shieldOther.html#shield-other	abjuration	cleric 2, paladin 2	1 standard action	V, S, F (a pair of platinum rings worth 50 gp worn by both you and the target)	close (25 ft. + 5 ft./2 levels)	one creature	1 hour/level (D)	Will negates (harmless)	yes (harmless)
Shocking Grasp	/pathfinderRPG/prd/coreRulebook/spells/shockingGrasp.html#shocking-grasp	evocation [electricity]	sorcerer/wizard 1	1 standard action	V, S	touch	creature or object touched	instantaneous	none	yes
Shout	/pathfinderRPG/prd/coreRulebook/spells/shout.html#shout	evocation [sonic]	bard 4, sorcerer/wizard 4	1 standard action	V	30 ft.	cone-shaped burst	instantaneous	Fortitude partial or Reflex negates (object); see text	yes (object)
Silence	/pathfinderRPG/prd/coreRulebook/spells/silence.html#silence	illusion (glamer)	bard 2, cleric 2	1 round	V, S	long (400 ft. + 40 ft./level)	20-ft.-radius emanation centered on a creature, object, or point in space	1 round/level (D)	Will negates; see text or none (object)	yes; see text or no (object)
Silent Image	/pathfinderRPG/prd/coreRulebook/spells/silentImage.html#silent-image	illusion (figment)	bard 1, sorcerer/wizard 1	1 standard action	V, S, F (a bit of fleece)	long (400 ft. + 40 ft./level)	visual figment that cannot extend beyond four 10-ft. cubes + one 10-ft. cube/level (S)	concentration	Will disbelief (if interacted with)	no
Sleep	/pathfinderRPG/prd/coreRulebook/spells/sleep.html#sleep	enchantment (compulsion) [mind-affecting]	bard 1, sorcerer/wizard 1	1 round	V, S, M (fine sand, rose petals, or a live cricket)	medium (100 ft. + 10 ft./level)	one or more living creatures within a 10-ft.-radius burst	1 min./level	Will negates	yes
Slow	/pathfinderRPG/prd/coreRulebook/spells/slow.html#slow	transmutation	bard 3, sorcerer/wizard 3	1 standard action	V, S, M (a drop of molasses)	close (25 ft. + 5 ft./2 levels)	one creature/level, no two of which can be more than 30 ft. apart	1 round/level	Will negates	yes
Solid Fog	/pathfinderRPG/prd/coreRulebook/spells/solidFog.html#solid-fog	(<class 'IndexError'>, IndexError('list index out of range',), <traceback object at 0x000000000467CFC8>)	['Solid Fog', 'School conjuration (creation); Level sorcerer/wizard 4', 'Components: V, S, M (powdered peas and an animal hoof)', 'Duration 1 min./level', 'Spell Resistance no']	 	 	 	 	 	 	 
Spider Climb	/pathfinderRPG/prd/coreRulebook/spells/spiderClimb.html#spider-climb	transmutation	druid 2, sorcerer/wizard 2	1 standard action	V, S, M (a live spider)	touch	creature touched	10 min./level	Will negates (harmless)	yes (harmless)
Spike Stones	/pathfinderRPG/prd/coreRulebook/spells/spikeStones.html#spike-stones	transmutation [earth]	druid 4	1 standard action	V, S, DF	medium (100 ft. + 10 ft./level)	one 20-ft. square/level	1 hour/level (D)	Reflex partial	yes
Spiritual Weapon	/pathfinderRPG/prd/coreRulebook/spells/spiritualWeapon.html#spiritual-weapon	evocation [force]	cleric 2	1 standard action	V, S, DF	medium (100 ft. + 10 ft./level)	magic weapon of force	1 round/level (D)	none	yes
Stinking Cloud	/pathfinderRPG/prd/coreRulebook/spells/stinkingCloud.html#stinking-cloud	conjuration (creation)	sorcerer/wizard 3	1 standard action	V, S, M (a rotten egg or cabbage leaves)	medium (100 ft. + 10 ft./level)	cloud spreads in 20-ft. radius, 20 ft. high	1 round/level	Fortitude negates; see text	no
Stone Shape	/pathfinderRPG/prd/coreRulebook/spells/stoneShape.html#stone-shape	transmutation [earth]	cleric 3, druid 3, sorcerer/wizard 4	1 standard action	V, S, M/DF (soft clay)	touch	stone or stone object touched, up to 10 cu. ft. + 1 cu. ft./level	instantaneous	none	no
Stoneskin	/pathfinderRPG/prd/coreRulebook/spells/stoneskin.html#stoneskin	abjuration	druid 5, sorcerer/wizard 4	1 standard action	V, S, M (granite and diamond dust worth 250 gp)	touch	creature touched	10 min./level or until discharged	Will negates (harmless)	yes (harmless)
Storm of Vengeance	/pathfinderRPG/prd/coreRulebook/spells/stormOfVengeance.html#storm-of-vengeance	conjuration (summoning)	cleric 9, druid 9	1 round	V, S	long (400 ft. + 40 ft./level)	360-ft.-radius storm cloud	concentration (maximum 10 rounds) (D)	see text	yes
Strangling Hair	/pathfinderRPG/prd/ultimateMagic/spells/stranglingHair.html#strangling-hair	transmutation	sorcerer/wizard 3, witch 3	1 standard action	V, S	close (25 ft. + 5 ft./2 levels)	one creature	concentration, up to 1 round/level	none	yes
Suggestion	/pathfinderRPG/prd/coreRulebook/spells/suggestion.html#suggestion	enchantment (compulsion) [language-dependent, mind-affecting]	bard 2, sorcerer/wizard 3	1 standard action	V, M (a snake's tongue and a honeycomb)	close (25 ft. + 5 ft./2 levels)	one living creature	1 hour/level or until completed	Will negates	yes
Summon Swarm	/pathfinderRPG/prd/coreRulebook/spells/summonSwarm.html#summon-swarm	conjuration (summoning)	bard 2, druid 2, sorcerer/wizard 2	1 round	V, S, M/DF (a square of red cloth)	close (25 ft. + 5 ft./2 levels)	one swarm of bats, rats, or spiders	concentration + 2 rounds	none	no
Sunbeam	/pathfinderRPG/prd/coreRulebook/spells/sunbeam.html#sunbeam	evocation [light]	druid 7	1 standard action	V, S, DF	60 ft.	line from your hand	1 round/level or until all beams are exhausted	Reflex negates and Reflex half; see text	yes
Sun Metal	/pathfinderRPG/prd/ultimateCombat/spells/sunMetal.html#sun-metal	transmutation [fire]	cleric 1, paladin 1, ranger 1	1 standard action	V, S	touch	one melee weapon	1 round/level (see text)	Fortitude negates (object)	yes (object)
Surmount Affliction	/pathfinderRPG/prd/ultimateMagic/spells/surmountAffliction.html#surmount-affliction	(<class 'IndexError'>, IndexError('list index out of range',), <traceback object at 0x0000000004530B48>)	['Surmount Affliction', 'School abjuration; Level cleric 2, inquisitor 2', 'Casting Time 1 standard action', 'Components V, S', 'Range you', 'Target personal', 'Duration 1 round/level']	 	 	 	 	 	 	 
Telekinesis	/pathfinderRPG/prd/coreRulebook/spells/telekinesis.html#telekinesis	transmutation	sorcerer/wizard 5	1 standard action	V, S	long (400 ft. + 40 ft./level)	or Targets see text	concentration (up to 1 round/level) or instantaneous; see text	Will negates (object) or none; see text	yes (object); see text
Theft Ward	/pathfinderRPG/prd/advancedRaceGuide/featuredRaces/tengus.html#theft-ward	"(<class 'AttributeError'>, AttributeError(""'NoneType' object has no attribute 'groups'"",), <traceback object at 0x000000000467C888>)"	['Black Feather Fan', 'Aura faint evocation; CL 5th', 'Slot none; Price 10,000 gp; Weight 1 lb.', 'Requirements Craft Wondrous Item, gust of wind, whispering wind, wind wall; Cost 5,000 gp']	 	 	 	 	 	 	 
Time Stop	/pathfinderRPG/prd/coreRulebook/spells/timeStop.html#time-stop	(<class 'IndexError'>, IndexError('list index out of range',), <traceback object at 0x0000000003986588>)	['Time Stop', 'School transmutation; Level sorcerer/wizard 9', 'Casting Time 1 standard action', 'Components V', 'Range personal', 'Target you', 'Duration 1d4+1 rounds (apparent time); see text']	 	 	 	 	 	 	 
Touch Injection	/pathfinderRPG/prd/ultimateCombat/spells/touchInjection.html#touch-injection	transmutation	alchemist 2, sorcerer/wizard 3	1 standard action	V, S	personal	you	1 hour/level	none	no
Transformation	/pathfinderRPG/prd/coreRulebook/spells/transformation.html#transformation	(<class 'IndexError'>, IndexError('list index out of range',), <traceback object at 0x0000000004757548>)	"['Transformation', 'School transmutation; Level sorcerer/wizard 6', 'Casting Time 1 standard action', ""Components V, S, M (a potion of bull's strength, which you drink and whose effects are subsumed by the spell effects)"", 'Range personal', 'Target you', 'Duration 1 round/level']"	 	 	 	 	 	 	 
True Form	/pathfinderRPG/prd/advancedPlayersGuide/spells/trueForm.html#true-form	(<class 'IndexError'>, IndexError('list index out of range',), <traceback object at 0x00000000044DAE08>)	['True Form', 'School abjuration; Level druid 4, sorcerer/wizard 4', 'Casting Time 1 standard action', 'Component V, S', 'Range medium (100 ft. + 10 ft./level)', 'Target up to one creature/3 levels, no two of which can be more than 30 ft. apart', 'Duration 1 round/level', 'Saving Throw Will negates; Spell Resistance yes']	 	 	 	 	 	 	 
True Strike	/pathfinderRPG/prd/coreRulebook/spells/trueStrike.html#true-strike	(<class 'IndexError'>, IndexError('list index out of range',), <traceback object at 0x00000000044EA588>)	['True Strike', 'School divination; Level sorcerer/wizard 1', 'Casting Time 1 standard action', 'Components V, F (small wooden replica of an archery target)', 'Range personal', 'Target you', 'Duration see text']	 	 	 	 	 	 	 
Tsunami	/pathfinderRPG/prd/advancedPlayersGuide/spells/tsunami.html#tsunami	conjuration (creation) [water]	druid 9, sorcerer/wizard 9	1 standard action	V, S	long (400 ft. + 40 ft./level)	10-ft.-deep wave 10 ft. wide/level and 2 ft. tall/level	5 rounds	see text	no
Unholy Blight	/pathfinderRPG/prd/coreRulebook/spells/unholyBlight.html#unholy-blight	evocation [evil]	cleric 4	1 standard action	V, S	medium (100 ft. + 10 ft./level)	20-ft.-radius spread	instantaneous (1d4 rounds); see text	Will partial	yes
Unshakable Chill	/pathfinderRPG/prd/ultimateMagic/spells/unshakableChill.html#unshakable-chill	necromancy [cold]	druid 2, sorcerer/wizard 2, witch 2	1 standard action	V, S, M	close (25 ft. + 5 ft./2 levels)	one creature	10 minutes/level; see text	Fortitude negates (see text)	yes
Vampiric Touch	/pathfinderRPG/prd/coreRulebook/spells/vampiricTouch.html#vampiric-touch	necromancy	sorcerer/wizard 3	1 standard action	V, S	touch	living creature touched	instantaneous/1 hour; see text	none	yes
Vomit Twin	/pathfinderRPG/prd/advancedRaceGuide/featuredRaces/goblins.html#vomit-twin	"(<class 'AttributeError'>, AttributeError(""'NoneType' object has no attribute 'groups'"",), <traceback object at 0x00000000039B3C48>)"	['Cloak of Fangs', 'Aura moderate transmutation; CL 9th', 'Slot shoulders; Price 2,800 gp; Weight 1 lb.', 'Requirements Craft Wondrous Item, alter self, resistance; Cost 1,250 gp']	 	 	 	 	 	 	 
Walk through Space	/pathfinderRPG/prd/ultimateCombat/spells/walkThroughSpace.html#walk-through-space	(<class 'IndexError'>, IndexError('list index out of range',), <traceback object at 0x0000000004282F88>)	"['Walk through Space', 'School conjuration (teleportation); Level alchemist 6, magus 6, sorcerer/wizard 7, summoner 6, witch 7', 'Casting Time 1 standard action', ""Components V, S, M (a wren's egg)"", 'Range personal', 'Target you', 'Duration 1 round/level']"	 	 	 	 	 	 	 
Wall of Fire	/pathfinderRPG/prd/coreRulebook/spells/wallOfFire.html#wall-of-fire	evocation [fire]	druid 5, sorcerer/wizard 4	1 standard action	V, S, M/DF (a piece of phosphor)	medium (100 ft. + 10 ft./level)	opaque sheet of flame up to 20 ft. long/level or a ring of fire with a radius of up to 5 ft./two levels; either form 20 ft. high	concentration + 1 round/level	none	yes
Wall of Force	/pathfinderRPG/prd/coreRulebook/spells/wallOfForce.html#wall-of-force	evocation [force]	sorcerer/wizard 5	1 standard action	V, S, M (powdered quartz)	close (25 ft. + 5 ft./2 levels)	wall whose area is up to one 10-ft. square/level	1 round /level (D)	none	no
Wall of Ice	/pathfinderRPG/prd/coreRulebook/spells/wallOfIce.html#wall-of-ice	evocation [cold]	sorcerer/wizard 4	1 standard action	V, S, M (a piece of quartz or rock crystal)	medium (100 ft. + 10 ft./level)	anchored plane of ice, up to one 10-ft. square/level, or hemisphere of ice with a radius of up to 3 ft. + 1 ft./level	1 min./level	Reflex negates; see text	yes
Wall of Iron	/pathfinderRPG/prd/coreRulebook/spells/wallOfIron.html#wall-of-iron	conjuration (creation)	sorcerer/wizard 6	1 standard action	V, S, M (a small iron sheet plus gold dust worth 50 gp)	medium (100 ft. + 10 ft./level)	iron wall whose area is up to one 5-ft. square/level; see text	instantaneous	see text	no
Wall of Stone	/pathfinderRPG/prd/coreRulebook/spells/wallOfStone.html#wall-of-stone	conjuration (creation) [earth]	cleric 5, druid 6, sorcerer/wizard 5	1 standard action	V, S, M/DF (a small block of granite)	medium (100 ft. + 10 ft./level)	stone wall whose area is up to one 5-ft. square/level (S)	instantaneous	see text	no
Wall of Thorns	/pathfinderRPG/prd/coreRulebook/spells/wallOfThorns.html#wall-of-thorns	conjuration (creation)	druid 5	1 standard action	V, S	medium (100 ft. + 10 ft./level)	wall of thorny brush, up to one 10-ft. cube/level (S)	10 min./level (D)	none	no
Web	/pathfinderRPG/prd/coreRulebook/spells/web.html#web	conjuration (creation)	sorcerer/wizard 2	1 standard action	V, S, M (spider web)	medium (100 ft. + 10 ft./level)	webs in a 20-ft.-radius spread	10 min./level (D)	Reflex negates; see text	no
Whirlwind	/pathfinderRPG/prd/coreRulebook/spells/whirlwind.html#whirlwind	evocation [air]	druid 8	1 standard action	V, S, DF	long (400 ft. + 40 ft./level)	cyclone 10 ft. wide at base, 30 ft. wide at top, and 30 ft. tall	1 round/level (D)	Reflex negates; see text	yes
Wish	/pathfinderRPG/prd/coreRulebook/spells/wish.html#wish	universal	sorcerer/wizard 9	1 standard action	V, S, M (diamond worth 25,000 gp)	see text	Effect, Area see text	see text	none, see text	yes
Word of Chaos	/pathfinderRPG/prd/coreRulebook/spells/wordOfChaos.html#word-of-chaos	evocation [chaotic, sonic]	cleric 7	1 standard action	V	40 ft.	nonchaotic creatures in a 40-ft.-radius spread centered on you	instantaneous	none or Will negates; see text	yes
